{
  "pixel_accuracy": 0.92482421875,
  "precision_macro": 0.6773058164151288,
  "recall_macro": 0.764572580253133,
  "f1_macro": 0.717822643314982,
  "per_class": {
    "car": {
      "precision": 0.7742406938777564,
      "recall": 0.8176165285585486,
      "f1": 0.7953376464608435,
      "support": 3764442
    },
    "bus": {
      "precision": 0.6720426102088812,
      "recall": 0.7960176594859151,
      "f1": 0.728795399884358,
      "support": 759252
    },
    "truck": {
      "precision": 0.5856341451587485,
      "recall": 0.6800835527149353,
      "f1": 0.6293348835997447,
      "support": 568264
    }
  }
}