{
  "train_loss": [
    0.32013796780623643,
    0.28626214140770484,
    0.27896083789713244,
    0.2695434216892018,
    0.2611855780143364,
    0.2573738019139159,
    0.2573868459813735,
    0.2537889780367122,
    0.24926152866260678,
    0.23282144287053277,
    0.2236706684851179,
    0.2211601523324555,
    0.21737675592011096,
    0.21243516737339543,
    0.2110780758717481,
    0.20686384673212088,
    0.20481028504231397,
    0.20625267005434222,
    0.20255646478896047,
    0.20081296745468588,
    0.196641470450981,
    0.1984328123401193,
    0.194700471980899,
    0.19467043156717337,
    0.1944451078012878,
    0.19586232204063267,
    0.19520710402844,
    0.19424331240794238
  ],
  "val_loss": [
    0.28349227494663665,
    0.27059379484918383,
    0.2722550763024224,
    0.26566025144524047,
    0.2592359481917487,
    0.26463625225755905,
    0.27061313059594894,
    0.26936105754640366,
    0.26090058379703096,
    0.25495314982202316,
    0.26026513364579945,
    0.27664858407444426,
    0.2631452986266878,
    0.2580497133731842,
    0.2585003753503164,
    0.2583762009938558,
    0.2545211214489407,
    0.2558558863401413,
    0.2648572745588091,
    0.263503100209766,
    0.26634832984871337,
    0.2745615271727244,
    0.26574348568916323,
    0.2766368717617459,
    0.27417058534092376,
    0.2707374252213372,
    0.2665628990199831,
    0.2747226639588674
  ],
  "val_accuracy": [
    0.8740121799045139,
    0.8879040866427952,
    0.8810997856987848,
    0.8952788628472222,
    0.8956624009874132,
    0.9025639512803819,
    0.8855043199327257,
    0.9037443712022569,
    0.9093874782986111,
    0.9138683403862847,
    0.9148065524631076,
    0.9077389187282986,
    0.9128475952148437,
    0.9148134358723958,
    0.9176682535807291,
    0.9197679985894097,
    0.9213888549804687,
    0.92482421875,
    0.9204775661892362,
    0.9205636257595486,
    0.9205848185221354,
    0.9236393568250868,
    0.9228906928168403,
    0.9213310750325521,
    0.9209317016601563,
    0.9215221150716146,
    0.9231523301866319,
    0.9240252685546875
  ],
  "val_precision_macro": [
    0.47277885261846214,
    0.5059666400016718,
    0.4859470522099158,
    0.5274342760169282,
    0.5340345293269264,
    0.5540801627017032,
    0.4867243843025548,
    0.5530623150963802,
    0.5759411429923254,
    0.5962247596582809,
    0.6058241267652211,
    0.5633286413499308,
    0.6062007447449694,
    0.6078372538531535,
    0.6225283616742464,
    0.6499453027933,
    0.6500181332111444,
    0.6773058164151288,
    0.6465919343750115,
    0.6430153649825437,
    0.6519666575657326,
    0.6996779821195246,
    0.6799618848078985,
    0.6692830333224923,
    0.6769118096073873,
    0.678938333555026,
    0.6898206085600487,
    0.7005858434696767
  ],
  "val_recall_macro": [
    0.7755026925312936,
    0.7464235053584601,
    0.7643687731551196,
    0.7618771315632596,
    0.8048289859398229,
    0.7444161482099463,
    0.7713012889564491,
    0.7322241885314161,
    0.7673020791521744,
    0.7636233858024939,
    0.744780114633369,
    0.7135889630830246,
    0.7593201891317674,
    0.761936140426879,
    0.7568626048430939,
    0.7596662728307613,
    0.7735038637275169,
    0.764572580253133,
    0.7343460383933115,
    0.7585559637763172,
    0.7340792697221635,
    0.7182833528010137,
    0.7452613268982589,
    0.7255727671851965,
    0.7274588836202606,
    0.738362168955106,
    0.7388320383656269,
    0.717668708627024
  ],
  "val_f1_macro": [
    0.5766167671789733,
    0.5872071508791689,
    0.5750089212267891,
    0.6133767270015581,
    0.635723550917258,
    0.6269902813631297,
    0.5818427390723865,
    0.6263067451239186,
    0.648331484102633,
    0.6659294326000064,
    0.6653515798634448,
    0.6220223755864757,
    0.6691194257288314,
    0.6726677531333244,
    0.679942663051997,
    0.7000029116231418,
    0.7050605098950528,
    0.717822643314982,
    0.6870434833581247,
    0.6948352034658388,
    0.6894109239209082,
    0.7060198073141626,
    0.7103091859943782,
    0.6956117343629834,
    0.7002510913711743,
    0.7059645473510293,
    0.7097819503554246,
    0.7079572118044913
  ],
  "val_car_precision": [
    0.6697477605161288,
    0.723381203428154,
    0.7295660270840466,
    0.740092400893924,
    0.712751016711875,
    0.752638901976722,
    0.7151047197404186,
    0.7266154461181783,
    0.7617530337599552,
    0.7498974415935429,
    0.7492018068930258,
    0.7306281530372657,
    0.7376048427064404,
    0.7477518296818796,
    0.7600249928153239,
    0.7464683163671503,
    0.7611145849232178,
    0.7742406938777564,
    0.7649898029920956,
    0.7613231091727222,
    0.7641509553989397,
    0.7603021178638546,
    0.7585230383458123,
    0.7560295361543561,
    0.7527097355862266,
    0.7582691499372491,
    0.761589273147062,
    0.7655123156551616
  ],
  "val_car_recall": [
    0.8292594227776653,
    0.7913921903963456,
    0.7676032729419128,
    0.7841828881943194,
    0.8429966512965268,
    0.7595718037361181,
    0.7719080278033238,
    0.7942582194120669,
    0.7830531058786402,
    0.8070510848619795,
    0.812034824816002,
    0.8204190687491001,
    0.8302566489269857,
    0.8035823104725747,
    0.7987677855044653,
    0.8296467311755633,
    0.8213047245780384,
    0.8176165285585486,
    0.8073177910564169,
    0.8069453587012365,
    0.7977434637059091,
    0.8294629057905527,
    0.8299264539073786,
    0.808229214316491,
    0.8137054575419146,
    0.8108426162496327,
    0.8192900833642808,
    0.8134366261985176
  ],
  "val_car_f1": [
    0.7410166508633546,
    0.7558599027504151,
    0.7481014608130586,
    0.7614999739460668,
    0.7724218170488822,
    0.7560894605185918,
    0.7424214416446184,
    0.758932583963072,
    0.7722562251568447,
    0.7774252436605273,
    0.7793539373288232,
    0.772924589912028,
    0.7811931451926343,
    0.7746624371923317,
    0.7789149255534966,
    0.7858626812372325,
    0.7900649351147154,
    0.7953376464608435,
    0.7855840425498916,
    0.7834706391205689,
    0.78058596342703,
    0.7933781339740394,
    0.792619895680068,
    0.781258417537597,
    0.7820200193134101,
    0.7836751397902357,
    0.7893866619435758,
    0.7887471707969318
  ],
  "val_bus_precision": [
    0.44334301747124605,
    0.5107141721190168,
    0.3413253015783453,
    0.4497902590199976,
    0.4638218390401495,
    0.4997643575869569,
    0.42935442698159754,
    0.4983958732518257,
    0.5803578750873795,
    0.5971688408777324,
    0.5591925138443773,
    0.5806141987849356,
    0.6491314571351762,
    0.6333913032533083,
    0.5849112356311942,
    0.6771889806834794,
    0.6573841483148145,
    0.6720426102088812,
    0.6581358828481887,
    0.6421922730231859,
    0.637766294493949,
    0.680854325811311,
    0.6638199843314107,
    0.6688572693183069,
    0.6517809173775725,
    0.6478906083002443,
    0.6506813797248188,
    0.6845055296452942
  ],
  "val_bus_recall": [
    0.7336088676750275,
    0.7190392649607772,
    0.8700312939577374,
    0.8347794935014988,
    0.8709637906781938,
    0.8128658205707723,
    0.823639582115029,
    0.7701395584074853,
    0.7829310953412042,
    0.7974796246832409,
    0.8201927686723248,
    0.6286094735344787,
    0.7282812557622502,
    0.7953288236316796,
    0.8499259797800993,
    0.7796897472775838,
    0.7865609837050149,
    0.7960176594859151,
    0.7639453040624193,
    0.8107308245483713,
    0.8033406563301776,
    0.7720809428226728,
    0.7878965086690585,
    0.7841849609879197,
    0.7637727658274196,
    0.7904253133347031,
    0.821371560430529,
    0.747130070121646
  ],