{
  "pixel_accuracy": 0.8788642035590277,
  "precision_macro": 0.4860465333019395,
  "recall_macro": 0.6102809738521341,
  "f1_macro": 0.5230158166833538,
  "per_class": {
    "car": {
      "precision": 0.681664692729959,
      "recall": 0.7907591616499869,
      "f1": 0.7321704268048971,
      "support": 3764442
    },
    "bus": {
      "precision": 0.5756509735541994,
      "recall": 0.5217806472686275,
      "f1": 0.5473936268698375,
      "support": 759252
    },
    "truck": {
      "precision": 0.2008239336216601,
      "recall": 0.518303112637788,
      "f1": 0.289483396375327,
      "support": 568264
    }
  }
}