{
  "image_size": [
    256,
    256
  ],
  "batch_size": 8,
  "num_epochs": 50,
  "learning_rate": 0.001,
  "optimizer": "Adam",
  "loss": "ComboLoss",
  "gamma": 2.0,
  "alpha": [
    0.05000000074505806,
    0.20000000298023224,
    1.100000023841858,
    1.149999976158142
  ],
  "focal_weight": 0.7,
  "dice_weight": 0.3,
  "selection_metric": "val_f1_macro",
  "patience": 10,
  "min_delta": 0.0005
}