{
  "train_loss": [
    0.2884476179001378,
    0.26792010636890634,
    0.2637447968417523,
    0.2597992630332124,
    0.25717870235443113,
    0.2559203654644536,
    0.2544062493829166,
    0.25307911976879716,
    0.2512327876745486,
    0.24981561508833194,
    0.24774538703993254,
    0.2430502347502054,
    0.2402886684034385,
    0.23467989762624106,
    0.22983146192980747,
    0.226152949274755,
    0.2197902824013841,
    0.2181678166108973,
    0.21886852560090084,
    0.21385785811087665,
    0.21280020340984943,
    0.2122990407663233,
    0.20912232024996888,
    0.20606402026671988,
    0.20158244578277362,
    0.20600212775024712,
    0.20239833789713244,
    0.19742048622346392,
    0.19397230716312633,
    0.19440727242067748,
    0.19130073142986673,
    0.18084588583777933,
    0.17951403747586642,
    0.1749537412325541,
    0.1769429038552677,
    0.1712357738205031,
    0.1641873078252755,
    0.16209219342937656,
    0.15922575653768054,
    0.1545578055522021,
    0.1499315005190232,
    0.1523315963908738,
    0.151308781533849,
    0.15150718928552143,
    0.14964115565898373,
    0.1476703902085622,
    0.14605695352834813,
    0.1471691749493281,
    0.14603837984449722,
    0.14365073571018144
  ],
  "val_loss": [
    0.2723353331618839,
    0.29385370519426135,
    0.2630413201120165,
    0.25938924849033357,
    0.26586619748009577,
    0.25543687833680045,
    0.2629187809096442,
    0.25734662426842586,
    0.2510653905073802,
    0.25503264149030047,
    0.24645610955026415,
    0.2448846826950709,
    0.24018959720929464,
    0.23676114638646445,
    0.231057019299931,
    0.2218625438875622,
    0.2261484107706282,
    0.22099397030141618,
    0.22349124100473192,
    0.21807621591620974,
    0.2241240637169944,
    0.21278767420185937,
    0.21381367372141943,
    0.21269250995583006,
    0.2097323226266437,
    0.2138064346710841,
    0.21467238664627075,
    0.20648502303494348,
    0.21518661148018306,
    0.22169880284203422,
    0.22913556549284192,
    0.21518526441521116,
    0.1972432240512636,
    0.20972021606233385,
    0.19916731291347078,
    0.205588845676846,
    0.19967155820793575,
    0.2110843644539515,
    0.21221642216046652,
    0.2094861004749934,
    0.2160342494646708,
    0.20482227093643612,
    0.2113954728179508,
    0.20958932280540465,
    0.207916612956259,
    0.2092531301577886,
    0.2090748221344418,
    0.21113730443848505,
    0.2146934237745073,
    0.21339908878008523
  ],
  "val_car_precision": [
    0.348999441959906,
    0.35025838809265625,
    0.42934159113351567,
    0.3866345873386286,
    0.3409787329958392,
    0.4335026951170537,
    0.4727343970142026,
    0.42323141260809793,
    0.419869728751044,
    0.46978222775022843,
    0.4733567114174221,
    0.5813473623876686,
    0.5876806127853391,
    0.45299544506579914,
    0.46242104361573305,
    0.48950182417650917,
    0.5558676695785402,
    0.6288678244560072,
    0.4977782748645544,
    0.6161633657734787,
    0.629815582229647,
    0.5518919556254883,
    0.6161373232696176,
    0.5904630105697816,
    0.6487337198103799,
    0.6302460290321806,
    0.5609468460833933,
    0.5991670355226275,
    0.6448527824512647,
    0.5271428065033563,
    0.448521241317934,
    0.6677433808592035,
    0.6563999415759552,
    0.695904852400462,
    0.6298372576603328,
    0.6775099840621394,
    0.6925808812387922,
    0.6595695117712758,
    0.6999632130616238,
    0.7086126098780269,
    0.6882354202041703,
    0.6780986282704136,
    0.669318818940385,
    0.6606635491762465,
    0.6875264672773986,
    0.6861655007811023,
    0.681664692729959,
    0.6943862493472356,
    0.6842240117547876,
    0.6731043148261205
  ],
  "val_car_recall": [
    0.4606897914750712,
    0.4935443287477932,
    0.5368402541465641,
    0.5834700069758014,
    0.6839558160279797,
    0.6930711112032009,
    0.5762383907096988,
    0.4205236792066394,
    0.7163149279494809,
    0.3440427558719194,
    0.6834561403788397,
    0.6035295536496511,
    0.6016020435432397,
    0.8636002361040495,
    0.8519092603897205,
    0.7718182402597782,
    0.7532882695496438,
    0.7159265569771032,
    0.8370547348053178,
    0.7625913747641748,
    0.743707301108637,
    0.8069711261323723,
    0.7618119763832196,
    0.7834191627869416,
    0.7642511161016693,
    0.7319714316225353,
    0.8315431609784398,
    0.8407246014150305,
    0.631667057162788,
    0.8809374669605747,
    0.8477240451572903,
    0.7593032380363411,
    0.7819474971323771,
    0.7620537120773809,
    0.8158847978000457,
    0.7859488869797967,
    0.756442256249399,
    0.7980290305973634,
    0.7238090001121016,
    0.7292913531407842,
    0.7847054091947757,
    0.7831402369859862,
    0.800099988258552,
    0.8106569313592825,
    0.7469773740703137,
    0.784778726833884,
    0.7907591616499869,
    0.776393154682686,
    0.7966338703053467,
    0.8062998447047398
  ],
  "val_car_f1": [
    0.3971412080146844,
    0.4097356824987821,
    0.4771107013152213,
    0.46508322235290367,
    0.4550815226132767,
    0.5333839521721482,
    0.5193799331242214,
    0.4218732011512632,
    0.5294191445462304,
    0.397198846305951,
    0.5593273804062988,
    0.592230820582854,
    0.5945598478562584,
    0.5942704794007525,
    0.599454745971812,
    0.5990651337314846,
    0.6396924650462325,
    0.6695792049289797,
    0.6242993076139876,
    0.6816018170153822,
    0.6820395241144506,
    0.655490430070949,
    0.6812744011434247,
    0.6733911340694398,
    0.7017704037819286,
    0.6773104903873134,
    0.6699531216274769,
    0.6996838570326335,
    0.6381918192785474,
    0.659592861911435,
    0.5866516854428315,
    0.7105860517102549,
    0.7136944490881629,
    0.7274786663287142,
    0.7108899551919704,
    0.7277119001126743,
    0.723104318882884,
    0.7222230302660217,
    0.7116864181975279,
    0.7188032892344259,
    0.733311272597463,
    0.7268439583289931,
    0.7288895127132102,
    0.7280147221782869,
    0.7160199928753292,
    0.7321665607586516,
    0.7321704268048971,
    0.7331034541574403,
    0.7361625031590077,
    0.7337060681058198
  ],
  "val_bus_precision": [
    0.0671955695041353,
    0.07440719230094102,
    0.09014761003845065,
    0.102376526405272,
    0.07270738317241493,
    0.11818591055968032,
    0.11579747805949467,
    0.07425098052503258,
    0.10134910261084902,
    0.09037146013195735,
    0.10989140492184118,
    0.1292253138727316,
    0.1674728487271713,
    0.15920889439443703,
    0.30184161289681266,
    0.27384479249230453,
    0.284081945524534,
    0.2531377462161646,
    0.26408188977189434,
    0.21920919957989762,
    0.38723914012110766,
    0.3250103150413267,
    0.2649456065156093,
    0.25223047358192646,
    0.28822287024386267,
    0.422197494453843,
    0.40774977468306167,
    0.45446529411155207,
    0.3127098793233995,
    0.40012751500789157,
    0.4276908241694386,
    0.5644340274875972,
    0.4681324377203022,
    0.5529572830755303,
    0.43357750501183884,
    0.5549790496304742,
    0.5435691029146865,
    0.5995986096301474,
    0.6450494986430874,
    0.5922278097730576,
    0.6209815356524008,
    0.5444237711305122,
    0.5961412937235555,
    0.600149905279631,
    0.5517049324736117,
    0.5862116208865203,
    0.5756509735541994,
    0.5966508462433957,
    0.6078637014721564,
    0.5958782591729732
  ],